5.247940719572033004e+02,1.874483616641909878e-01,3.211405823669566395e-02,2.288002278843331112e+02,6.843598481189093036e+03,2.991080273158111780e+01,6.020487976074218750e+01,2.207372120051679190e+02,5.568283341810355296e+02,1.000000000000000000e+00,0.000000000000000000e+00,0.000000000000000000e+00,0.000000000000000000e+00,0.000000000000000000e+00,0.000000000000000000e+00
3.300000000000000000e+02,2.268928027592628793e-01,2.652900463031380163e-01,1.211542006708452419e+02,3.163239471994624637e+03,2.610920178152627713e+01,6.971736145019531250e+01,9.908496400029005713e+01,4.002257759826729853e+02,1.000000000000000000e+00,0.000000000000000000e+00,0.000000000000000000e+00,0.000000000000000000e+00,0.000000000000000000e+00,0.000000000000000000e+00
5.518792873984779135e+02,2.324778563656446639e-01,6.352998477259352850e-02,2.648049354299544120e+02,1.188839182691388123e+04,4.489490276157851412e+01,7.779329681396484375e+01,2.537852997781183717e+02,6.567694494024641472e+02,1.000000000000000000e+00,0.000000000000000000e+00,0.000000000000000000e+00,0.000000000000000000e+00,0.000000000000000000e+00,0.000000000000000000e+00
3.800000000000000000e+02,2.408554367752174796e-01,2.862339973270697779e-01,1.376401108552620940e+02,5.402171180401774109e+03,3.924852389927615803e+01,8.875844573974609375e+01,1.051985680476958578e+02,4.937018135024376306e+02,1.000000000000000000e+00,0.000000000000000000e+00,0.000000000000000000e+00,0.000000000000000000e+00,0.000000000000000000e+00,0.000000000000000000e+00
3.628312659099755706e+02,2.007128639793478719e-01,2.443460952792061436e-01,1.249125593692455851e+02,3.290462446276584160e+03,2.634212654749848070e+01,6.938938903808593750e+01,1.038665518818763189e+02,4.247965033868247247e+02,1.000000000000000000e+00,0.000000000000000000e+00,0.000000000000000000e+00,0.000000000000000000e+00,0.000000000000000000e+00,0.000000000000000000e+00
3.898729777095242071e+02,1.500983156715123279e-01,9.773843811168247964e-02,1.186258142705749350e+02,2.475557077622949691e+03,2.086862031544351836e+01,4.975714874267578125e+01,1.076861641614061114e+02,4.293857878603525364e+02,1.000000000000000000e+00,0.000000000000000000e+00,0.000000000000000000e+00,0.000000000000000000e+00,0.000000000000000000e+00,0.000000000000000000e+00
2.904551411532091265e+02,1.441641962147316436e-01,5.305800926062742562e-02,7.463506664406037316e+01,1.189545212901851073e+03,1.593815436080296877e+01,3.570333099365234375e+01,6.554132446085867514e+01,3.302672928956972100e+02,1.000000000000000000e+00,0.000000000000000000e+00,0.000000000000000000e+00,0.000000000000000000e+00,0.000000000000000000e+00,0.000000000000000000e+00
2.756773933601227213e+02,1.539380400258998360e-01,1.877974275145900540e-01,9.152789333929383986e+01,1.756234837388254618e+03,1.918797399693111316e+01,3.930518341064453125e+01,8.265868215284967846e+01,3.315883016673299153e+02,1.000000000000000000e+00,0.000000000000000000e+00,0.000000000000000000e+00,0.000000000000000000e+00,0.000000000000000000e+00,0.000000000000000000e+00
4.700000000000000000e+02,2.131047016685076456e-01,2.254965393576673360e-01,1.845900565766608565e+02,8.185360837226129661e+03,4.434345483732338522e+01,8.448248291015625000e+01,1.641225107308243309e+02,6.033157150785862086e+02,1.000000000000000000e+00,0.000000000000000000e+00,0.000000000000000000e+00,0.000000000000000000e+00,0.000000000000000000e+00,0.000000000000000000e+00
4.230000000000000000e+02,2.195624199008866517e-01,2.617993877991491303e-01,1.723712410229631757e+02,6.108106296524692880e+03,3.543576213917827999e+01,7.905635070800781250e+01,1.531729028744638867e+02,5.582745153280467321e+02,1.000000000000000000e+00,0.000000000000000000e+00,0.000000000000000000e+00,0.000000000000000000e+00,0.000000000000000000e+00,0.000000000000000000e+00
4.100000000000000000e+02,3.178244567881674532e-01,2.974041045398334582e-01,2.558151790764917450e+02,1.062254711012905318e+04,4.152430339934123538e+01,6.752320861816406250e+01,2.467428255438262852e+02,5.085403560168550143e+02,1.000000000000000000e+00,0.000000000000000000e+00,0.000000000000000000e+00,0.000000000000000000e+00,0.000000000000000000e+00,0.000000000000000000e+00
5.000000000000000000e+02,2.272418686096617235e-01,5.096361415823436047e-02,2.192955022803189706e+02,9.819449614233884859e+03,4.477725038647610489e+01,7.686849975585937500e+01,2.072666404203773709e+02,6.025278406267234459e+02,1.000000000000000000e+00,0.000000000000000000e+00,0.000000000000000000e+00,0.000000000000000000e+00,0.000000000000000000e+00,0.000000000000000000e+00
4.387801572296136214e+02,2.124065699677098740e-01,6.073745796940266395e-02,1.209015964126290328e+02,4.879495575869406821e+03,4.035923197586254929e+01,8.079177856445312500e+01,8.994378641906320127e+01,5.254201494350824078e+02,1.000000000000000000e+00,0.000000000000000000e+00,0.000000000000000000e+00,0.000000000000000000e+00,0.000000000000000000e+00,0.000000000000000000e+00
3.669423790984523635e+02,2.801253449450898936e-01,2.520255439879817150e-01,1.727455537386974243e+02,7.064815909055694647e+03,4.089723733058998789e+01,7.560432434082031250e+01,1.553222849252005346e+02,4.715881953797858728e+02,1.000000000000000000e+00,0.000000000000000000e+00,0.000000000000000000e+00,0.000000000000000000e+00,0.000000000000000000e+00,0.000000000000000000e+00
4.856688054543501494e+02,2.302089283380520102e-01,1.340412865531646069e-01,2.538936986072592390e+02,8.135968359074026012e+03,3.204478253577816815e+01,6.485544586181640625e+01,2.454705306436863452e+02,5.413639750569769831e+02,1.000000000000000000e+00,0.000000000000000000e+00,0.000000000000000000e+00,0.000000000000000000e+00,0.000000000000000000e+00,0.000000000000000000e+00
3.900000000000000000e+02,3.583160954344358218e-01,2.038544566329378860e-01,2.456861030662478527e+02,1.005583687253999051e+04,4.092961200100312880e+01,7.032478332519531250e+01,2.364901696665114912e+02,4.775483599604869482e+02,1.000000000000000000e+00,0.000000000000000000e+00,0.000000000000000000e+00,0.000000000000000000e+00,0.000000000000000000e+00,0.000000000000000000e+00
2.694959462917761925e+02,2.075196480621258055e-01,3.839724354387508143e-02,8.041108548176676152e+01,1.963605248098934908e+03,2.441958389610575608e+01,4.474015426635742188e+01,6.683830931737330161e+01,3.290906470766446432e+02,1.000000000000000000e+00,0.000000000000000000e+00,0.000000000000000000e+00,0.000000000000000000e+00,0.000000000000000000e+00,0.000000000000000000e+00
3.000000000000000000e+02,1.900663555421824857e-01,1.668534764906577372e-01,9.710812951108674440e+01,3.039561303020406285e+03,3.130079137888638385e+01,5.135397338867187500e+01,8.241819202856999027e+01,3.870782275399115520e+02,1.000000000000000000e+00,0.000000000000000000e+00,0.000000000000000000e+00,0.000000000000000000e+00,0.000000000000000000e+00,0.000000000000000000e+00
3.250000000000000000e+02,2.246238747316701700e-01,2.869321290278681325e-01,2.292158633923341711e+02,5.705332089508527133e+03,2.489065113151908903e+01,3.560271453857421875e+01,2.272647937395279882e+02,4.627030069338848079e+02,1.000000000000000000e+00,0.000000000000000000e+00,0.000000000000000000e+00,0.000000000000000000e+00,0.000000000000000000e+00,0.000000000000000000e+00
2.944748456195649737e+02,2.066469834361286395e-01,4.677482395344803034e-01,1.948710353479241064e+02,5.541256126251862952e+03,2.843550410844005327e+01,3.676579666137695312e+01,1.918048904696211423e+02,4.455132993662262493e+02,1.000000000000000000e+00,0.000000000000000000e+00,0.000000000000000000e+00,0.000000000000000000e+00,0.000000000000000000e+00,0.000000000000000000e+00
5.000000000000000000e+02,1.926843494201739559e-01,1.947787445225673819e-01,1.446885779146182074e+02,3.055012963120392669e+03,2.111440313500888877e+01,9.656336975097656250e+01,1.077511029789545773e+02,5.428970888920198377e+02,1.000000000000000000e+00,0.000000000000000000e+00,0.000000000000000000e+00,0.000000000000000000e+00,0.000000000000000000e+00,0.000000000000000000e+00
2.110000000000000000e+02,5.393067388662479977e-02,9.424777960769376017e-02,3.075344345826919579e+01,1.519845775553211809e+02,4.942034467182716106e+00,1.426837444305419922e+01,2.724312366004966179e+01,2.171307040275983411e+02,0.000000000000000000e+00,1.000000000000000000e+00,0.000000000000000000e+00,0.000000000000000000e+00,0.000000000000000000e+00,0.000000000000000000e+00
1.968567141789590949e+02,2.007128639793478650e-02,9.075712110370513785e-02,2.859312613466113717e+01,8.205888852917809118e+01,2.869881668157464372e+00,7.968783378601074219e+00,2.766151595314264000e+01,2.007493364346555609e+02,0.000000000000000000e+00,1.000000000000000000e+00,0.000000000000000000e+00,0.000000000000000000e+00,0.000000000000000000e+00,0.000000000000000000e+00
2.450000000000000000e+02,1.890191579909858144e-01,8.168140899333475868e-02,6.290295509228351278e+01,1.235983355889856284e+03,1.964905073341265052e+01,4.215201568603515625e+01,4.669035542722821219e+01,2.923762384463373110e+02,0.000000000000000000e+00,1.000000000000000000e+00,0.000000000000000000e+00,0.000000000000000000e+00,0.000000000000000000e+00,0.000000000000000000e+00
3.526564467782465044e+02,1.219985147144036358e-01,9.075712110370509622e-02,6.852784638667463923e+01,1.066157846339303433e+03,1.555802352701134517e+01,4.369192504882812500e+01,5.279281667019671431e+01,3.827331865354499314e+02,0.000000000000000000e+00,1.000000000000000000e+00,0.000000000000000000e+00,0.000000000000000000e+00,0.000000000000000000e+00,0.000000000000000000e+00
2.432939757358726638e+02,3.996803987067015090e-02,6.702064327658224796e-02,6.854477771840683431e+01,3.839284530426211859e+02,5.601133533758940963e+00,9.991348266601562500e+00,6.781665571871303655e+01,2.636407613080449437e+02,0.000000000000000000e+00,1.000000000000000000e+00,0.000000000000000000e+00,0.000000000000000000e+00,0.000000000000000000e+00,0.000000000000000000e+00
2.598851450407545940e+02,7.068583470577034789e-02,6.981317007977327904e-03,5.824380727602831342e+01,4.650872650386293685e+02,7.985179657547002208e+00,1.750683784484863281e+01,5.634024079034784904e+01,2.675174460283503777e+02,0.000000000000000000e+00,1.000000000000000000e+00,0.000000000000000000e+00,0.000000000000000000e+00,0.000000000000000000e+00,0.000000000000000000e+00
2.500000000000000000e+02,6.806784082777884992e-02,-1.535889741755008808e-02,5.717243116227275834e+01,6.529013493690755467e+02,1.141986331691830259e+01,1.777698135375976562e+01,5.579126957000963216e+01,2.783086151587228301e+02,0.000000000000000000e+00,1.000000000000000000e+00,0.000000000000000000e+00,0.000000000000000000e+00,0.000000000000000000e+00,0.000000000000000000e+00
2.000000000000000000e+02,3.769911184307752489e-02,1.172861257340188368e-01,4.231667528749579077e+01,2.208109066459822998e+02,5.218058960109988043e+00,1.067576408386230469e+01,4.094788226846839052e+01,2.180343130906912847e+02,0.000000000000000000e+00,1.000000000000000000e+00,0.000000000000000000e+00,0.000000000000000000e+00,0.000000000000000000e+00,0.000000000000000000e+00
3.550000000000000000e+02,6.405358354819189193e-02,8.447393579652556772e-02,8.955846345467222136e+01,1.033854245068613409e+03,1.154390333630358612e+01,2.756266212463378906e+01,8.657656109346743278e+01,3.720399565984634478e+02,0.000000000000000000e+00,1.000000000000000000e+00,0.000000000000000000e+00,0.000000000000000000e+00,0.000000000000000000e+00,0.000000000000000000e+00
2.720000000000000000e+02,9.145525280450289562e-02,4.886921905583985204e-03,6.378938031219217208e+01,7.189463101980333022e+02,1.127062697081288078e+01,2.008555603027343750e+01,6.069072911877481147e+01,2.869202203239992741e+02,0.000000000000000000e+00,1.000000000000000000e+00,0.000000000000000000e+00,0.000000000000000000e+00,0.000000000000000000e+00,0.000000000000000000e+00
3.416200131082489406e+02,9.197885158010114803e-02,7.400196028455963138e-02,8.504302855580399978e+01,1.370838067823938218e+03,1.611934677190399157e+01,2.902896881103515625e+01,7.993519680698221919e+01,3.851334598422669160e+02,0.000000000000000000e+00,1.000000000000000000e+00,0.000000000000000000e+00,0.000000000000000000e+00,0.000000000000000000e+00,0.000000000000000000e+00
1.603224525104020017e+02,1.769763861522250237e-01,1.633628179866691843e-01,3.721712400050761005e+01,3.418814622362637010e+02,9.186133303357904012e+00,3.088916397094726562e+01,2.075991039803790272e+01,1.875665182431208677e+02,0.000000000000000000e+00,1.000000000000000000e+00,0.000000000000000000e+00,0.000000000000000000e+00,0.000000000000000000e+00,0.000000000000000000e+00
3.013043992290840833e+02,1.097812099504433120e-01,3.560471674068438341e-02,6.461619992608578400e+01,9.427731906338160570e+02,1.459035337442082003e+01,2.904567718505859375e+01,5.772003043546951062e+01,3.357684587866013999e+02,0.000000000000000000e+00,1.000000000000000000e+00,0.000000000000000000e+00,0.000000000000000000e+00,0.000000000000000000e+00,0.000000000000000000e+00
1.550000000000000000e+02,1.727875959474386436e-01,1.186823891356143523e-01,3.894016840595180184e+01,4.151116010234756004e+02,1.066024154533517532e+01,2.583650207519531250e+01,2.913437617898027554e+01,1.848170409367667446e+02,0.000000000000000000e+00,1.000000000000000000e+00,0.000000000000000000e+00,0.000000000000000000e+00,0.000000000000000000e+00,0.000000000000000000e+00
1.440000000000000000e+02,1.206022513128081203e-01,4.607669225265048629e-02,1.964766952293556557e+01,7.042623880673525605e+01,3.584457623563125139e+00,1.813101387023925781e+01,7.569493116953083245e+00,1.603737702928300166e+02,0.000000000000000000e+00,1.000000000000000000e+00,0.000000000000000000e+00,0.000000000000000000e+00,0.000000000000000000e+00,0.000000000000000000e+00
1.780000000000000000e+02,1.708677337702448618e-01,2.129301687433082790e-01,4.154216675848193319e+01,4.894405204763310167e+02,1.178177641339323678e+01,3.574779510498046875e+01,2.116239331176831229e+01,2.159059341714772415e+02,0.000000000000000000e+00,0.000000000000000000e+00,1.000000000000000000e+00,0.000000000000000000e+00,0.000000000000000000e+00,0.000000000000000000e+00
1.950000000000000000e+02,1.391027413839480420e-01,2.052507200345334848e-01,3.746219562313909535e+01,3.283840516189938512e+02,8.765744937175076856e+00,3.502382659912109375e+01,1.329465025873420814e+01,2.325876276733084467e+02,0.000000000000000000e+00,0.000000000000000000e+00,1.000000000000000000e+00,0.000000000000000000e+00,0.000000000000000000e+00,0.000000000000000000e+00
4.350931666480529429e+02,7.696902001294993190e-02,1.612684228842759526e-01,1.235975375888865813e+02,1.342277647580821849e+03,1.086006787647777827e+01,3.738472366333007812e+01,1.178080379331617564e+02,4.332023221434368452e+02,0.000000000000000000e+00,0.000000000000000000e+00,1.000000000000000000e+00,0.000000000000000000e+00,0.000000000000000000e+00,0.000000000000000000e+00
2.500000000000000000e+02,4.712388980384688703e-02,1.396263401595465581e-02,7.090704002069560374e+01,2.241457873421178419e+02,3.161121762757217457e+00,9.102175712585449219e+00,7.032040044899304121e+01,2.322776288185337137e+02,0.000000000000000000e+00,0.000000000000000000e+00,1.000000000000000000e+00,0.000000000000000000e+00,0.000000000000000000e+00,0.000000000000000000e+00
3.395085476095778745e+02,4.537856055185256199e-02,3.001966313430246003e-02,8.862980942622462521e+01,3.310803904376531932e+02,3.735542167821586101e+00,1.982558059692382812e+01,8.762118043536327150e+01,3.077931936631603094e+02,0.000000000000000000e+00,0.000000000000000000e+00,1.000000000000000000e+00,0.000000000000000000e+00,0.000000000000000000e+00,0.000000000000000000e+00
2.360000000000000000e+02,1.246165085923951477e-01,2.017600615305443768e-01,4.845112962853642813e+01,2.368801114610641321e+02,4.889052397274717521e+00,3.600662231445312500e+01,3.241967025907041489e+01,2.449651545601672353e+02,0.000000000000000000e+00,0.000000000000000000e+00,1.000000000000000000e+00,0.000000000000000000e+00,0.000000000000000000e+00,0.000000000000000000e+00
4.814671493322105107e+02,7.853981633974482790e-02,1.605702911834783198e-02,7.905916155645252275e+01,1.154338238559336787e+03,1.460094207721994053e+01,3.392913055419921875e+01,7.140843919202586676e+01,5.018933575843684025e+02,0.000000000000000000e+00,0.000000000000000000e+00,1.000000000000000000e+00,0.000000000000000000e+00,0.000000000000000000e+00,0.000000000000000000e+00
2.520000000000000000e+02,1.061160185212552537e-01,3.141592653589786455e-02,3.854420952712292348e+01,4.937904229154219706e+02,1.281101439031846745e+01,2.554114532470703125e+01,2.886703965887053869e+01,2.806582993500097132e+02,0.000000000000000000e+00,0.000000000000000000e+00,1.000000000000000000e+00,0.000000000000000000e+00,0.000000000000000000e+00,0.000000000000000000e+00
1.725157972533025088e+02,1.272345024703866456e-01,3.839724354387508143e-02,3.754367322444316812e+01,1.922181478854453758e+02,5.119854595375604056e+00,1.932208061218261719e+01,3.218982081049313138e+01,1.749337699538363324e+02,0.000000000000000000e+00,0.000000000000000000e+00,1.000000000000000000e+00,0.000000000000000000e+00,0.000000000000000000e+00,0.000000000000000000e+00
1.210000000000000000e+02,1.741838593490340759e-01,9.075712110370504071e-02,2.443718040811283032e+01,1.444665132032153565e+02,5.911750488008605586e+00,2.202108001708984375e+01,1.059470820784567024e+01,1.417661848938743958e+02,0.000000000000000000e+00,0.000000000000000000e+00,1.000000000000000000e+00,0.000000000000000000e+00,0.000000000000000000e+00,0.000000000000000000e+00
1.963648643227068931e+02,1.829105056090057080e-01,1.424188669627373116e-01,5.458308027702975096e+01,8.432625274854567579e+02,1.544915609755955366e+01,3.414941406250000000e+01,4.258086534646412247e+01,2.399440727850301869e+02,0.000000000000000000e+00,0.000000000000000000e+00,1.000000000000000000e+00,0.000000000000000000e+00,0.000000000000000000e+00,0.000000000000000000e+00
3.703957246909313881e+02,1.047197551196597798e-01,0.000000000000000000e+00,1.159232531156592074e+02,1.308120430441670123e+03,1.128436612399523753e+01,3.136703109741210938e+01,1.127151016010117814e+02,3.659776512617709727e+02,0.000000000000000000e+00,0.000000000000000000e+00,1.000000000000000000e+00,0.000000000000000000e+00,0.000000000000000000e+00,0.000000000000000000e+00
2.602775210254839635e+02,7.906341511534313582e-02,3.281218993749324131e-02,5.881761140773777186e+01,2.772590342852010963e+02,4.713877827563840661e+00,1.786866950988769531e+01,5.603768402271427362e+01,2.486234122407737459e+02,0.000000000000000000e+00,0.000000000000000000e+00,1.000000000000000000e+00,0.000000000000000000e+00,0.000000000000000000e+00,0.000000000000000000e+00
5.446543494729137365e+02,6.370451769779301998e-02,2.094395102393231678e-03,1.007880802493265548e+02,1.189290233286018520e+03,1.179990957605291868e+01,2.941222190856933594e+01,9.658014998128601292e+01,5.533582098767375328e+02,0.000000000000000000e+00,0.000000000000000000e+00,1.000000000000000000e+00,0.000000000000000000e+00,0.000000000000000000e+00,0.000000000000000000e+00
3.100000000000000000e+02,1.747074581246323977e-01,1.654572130890623605e-01,9.850996142287550583e+01,2.741032044375700025e+03,2.782492252341082306e+01,4.932786178588867188e+01,8.527000983796196465e+01,3.889778083603429195e+02,0.000000000000000000e+00,0.000000000000000000e+00,1.000000000000000000e+00,0.000000000000000000e+00,0.000000000000000000e+00,0.000000000000000000e+00
2.749933958600104233e+02,1.471312559431219302e-01,1.375319450571533819e-01,6.645794304174519596e+01,1.217415651003125276e+03,1.831858759514136992e+01,4.084967803955078125e+01,5.242100772964931821e+01,3.275586387040831937e+02,0.000000000000000000e+00,0.000000000000000000e+00,1.000000000000000000e+00,0.000000000000000000e+00,0.000000000000000000e+00,0.000000000000000000e+00
2.813232629076811691e+02,2.323033234404452418e-01,4.377285764001779267e-01,1.578841811867363560e+02,5.305123206081092576e+03,3.360135997289365406e+01,4.638433456420898438e+01,1.509168917358523458e+02,3.988955488423814586e+02,0.000000000000000000e+00,0.000000000000000000e+00,1.000000000000000000e+00,0.000000000000000000e+00,0.000000000000000000e+00,0.000000000000000000e+00
3.270000000000000000e+02,1.410226035611418238e-01,8.447393579652540119e-02,7.621286812772871144e+01,1.664674076127605986e+03,2.184242788681959624e+01,4.322169113159179688e+01,6.277170285665835081e+01,3.792618386249604328e+02,0.000000000000000000e+00,0.000000000000000000e+00,1.000000000000000000e+00,0.000000000000000000e+00,0.000000000000000000e+00,0.000000000000000000e+00
4.705164201366011412e+02,1.274090353955860400e-01,6.632251157578472611e-02,1.502240222782611170e+02,2.657910367488512293e+03,1.769297830785840731e+01,4.756063079833984375e+01,1.424964679752214352e+02,4.914724884651377010e+02,0.000000000000000000e+00,0.000000000000000000e+00,0.000000000000000000e+00,1.000000000000000000e+00,0.000000000000000000e+00,0.000000000000000000e+00
2.230000000000000000e+02,1.240929098167968259e-01,7.958701389094158252e-02,3.309633497808125213e+01,1.970125405291440757e+02,5.952699616426404994e+00,3.045487403869628906e+01,1.295638966139318882e+01,2.524833478364601547e+02,0.000000000000000000e+00,0.000000000000000000e+00,0.000000000000000000e+00,1.000000000000000000e+00,0.000000000000000000e+00,0.000000000000000000e+00
1.520000000000000000e+02,1.658062789394612879e-01,2.275909344600608453e-01,3.421955040385965674e+01,9.435432795796369021e+01,2.757322257142261535e+00,3.127927780151367188e+01,1.387747772974438476e+01,1.806095533186242506e+02,0.000000000000000000e+00,0.000000000000000000e+00,0.000000000000000000e+00,1.000000000000000000e+00,0.000000000000000000e+00,0.000000000000000000e+00
3.030000000000000000e+02,6.335545184739417579e-02,3.979350694547068024e-02,2.256789270476352272e+01,1.025003089896721349e+02,4.541864423523993999e+00,2.183084106445312500e+01,5.720500628933564258e+00,3.216468373620463694e+02,0.000000000000000000e+00,0.000000000000000000e+00,0.000000000000000000e+00,1.000000000000000000e+00,0.000000000000000000e+00,0.000000000000000000e+00
2.500000000000000000e+02,8.709192967451703793e-02,9.285151620609827239e-02,2.963751028562831991e+01,1.807612437575042179e+02,6.099069794170872250e+00,2.614209747314453125e+01,1.396326323186144691e+01,2.801229064262700490e+02,0.000000000000000000e+00,0.000000000000000000e+00,0.000000000000000000e+00,1.000000000000000000e+00,0.000000000000000000e+00,0.000000000000000000e+00
1.970000000000000000e+02,1.326450231515690081e-01,7.400196028455952035e-02,3.346065296760178853e+01,4.096471412714440135e+02,1.224265233760034732e+01,2.699280738830566406e+01,1.977381319040171093e+01,2.317837876142535549e+02,0.000000000000000000e+00,0.000000000000000000e+00,0.000000000000000000e+00,1.000000000000000000e+00,0.000000000000000000e+00,0.000000000000000000e+00
1.970000000000000000e+02,1.326450231515690081e-01,7.400196028455952035e-02,3.346065296760178853e+01,4.096471412714440135e+02,1.224265233760034732e+01,2.699280738830566406e+01,1.977381319040171093e+01,2.317837876142535549e+02,0.000000000000000000e+00,0.000000000000000000e+00,0.000000000000000000e+00,1.000000000000000000e+00,0.000000000000000000e+00,0.000000000000000000e+00
2.164132572941860246e+02,1.178097245096172557e-01,6.841690667817762472e-02,5.359960002086201314e+01,2.804454864734872785e+02,5.232230956281994416e+00,2.279053497314453125e+01,4.851297401464705672e+01,2.153729200694284032e+02,0.000000000000000000e+00,0.000000000000000000e+00,0.000000000000000000e+00,1.000000000000000000e+00,0.000000000000000000e+00,0.000000000000000000e+00
1.780000000000000000e+02,1.495747168959140894e-01,9.913470151327785640e-02,4.029062097568796474e+01,4.744046992995648679e+02,1.177456906374882095e+01,2.592082786560058594e+01,3.084549926574874235e+01,2.091807379130679294e+02,0.000000000000000000e+00,0.000000000000000000e+00,0.000000000000000000e+00,1.000000000000000000e+00,0.000000000000000000e+00,0.000000000000000000e+00
1.850000000000000000e+02,1.497492498211135115e-01,8.517206749732331161e-02,3.989140922452550342e+01,3.617479803160293841e+02,9.068317899725245823e+00,2.686076164245605469e+01,2.949277954032044136e+01,2.101787188199293439e+02,0.000000000000000000e+00,0.000000000000000000e+00,0.000000000000000000e+00,1.000000000000000000e+00,0.000000000000000000e+00,0.000000000000000000e+00
3.910000000000000000e+02,5.811946409141117292e-02,1.117010721276373575e-02,3.578006134363846513e+01,2.651497896321288863e+02,7.410545976586798922e+00,2.213147163391113281e+01,2.811424448817717803e+01,4.009948178255748985e+02,0.000000000000000000e+00,0.000000000000000000e+00,0.000000000000000000e+00,1.000000000000000000e+00,0.000000000000000000e+00,0.000000000000000000e+00
5.020000000000000000e+02,6.527531402458792986e-02,2.792526803190925611e-02,5.323943299317195255e+01,8.342727305445474713e+02,1.567020314907456502e+01,3.333114242553710938e+01,4.151472223648846693e+01,5.440394144713341120e+02,0.000000000000000000e+00,0.000000000000000000e+00,0.000000000000000000e+00,1.000000000000000000e+00,0.000000000000000000e+00,0.000000000000000000e+00
1.760000000000000000e+02,8.988445647770797187e-02,7.679448708775044041e-02,2.058852410680222178e+01,7.970542458313978784e+01,3.871352029396123218e+00,1.822649192810058594e+01,9.575087854819258837e+00,1.919928785117469090e+02,0.000000000000000000e+00,0.000000000000000000e+00,0.000000000000000000e+00,1.000000000000000000e+00,0.000000000000000000e+00,0.000000000000000000e+00
1.450000000000000000e+02,1.176351915844178198e-01,1.103048087260417587e-01,2.121894212880224728e+01,8.245556156476011722e+01,3.885941205939587029e+00,2.030308151245117188e+01,6.166715189880903836e+00,1.625109272171888222e+02,0.000000000000000000e+00,0.000000000000000000e+00,0.000000000000000000e+00,1.000000000000000000e+00,0.000000000000000000e+00,0.000000000000000000e+00
1.241287282354107049e+02,1.319468914507712920e-01,1.089085453244462709e-01,2.059263294425632296e+01,7.834279383780933870e+01,3.804408792692079544e+00,1.846239852905273438e+01,9.121205610931824026e+00,1.348926969828573874e+02,0.000000000000000000e+00,0.000000000000000000e+00,0.000000000000000000e+00,1.000000000000000000e+00,0.000000000000000000e+00,0.000000000000000000e+00
1.030000000000000000e+02,1.581268302306862716e-01,2.918190509334518401e-01,2.375481134399438687e+01,7.825847372490332532e+01,3.294426236084942783e+00,2.232360267639160156e+01,8.120826029071665175e+00,1.249785610053222342e+02,0.000000000000000000e+00,0.000000000000000000e+00,0.000000000000000000e+00,1.000000000000000000e+00,0.000000000000000000e+00,0.000000000000000000e+00
1.724089894448657788e+03,5.270894341022875490e-02,-2.094395102393192820e-02,4.041262083188448742e+02,3.053966889836888640e+03,7.556963213401368229e+00,7.142758941650390625e+01,3.991942440827122027e+02,1.489386712407924961e+03,0.000000000000000000e+00,0.000000000000000000e+00,0.000000000000000000e+00,0.000000000000000000e+00,1.000000000000000000e+00,0.000000000000000000e+00
1.385664721335629110e+03,9.232791743050001998e-02,8.936085770210983048e-02,2.024800437169946861e+02,8.785028732751208736e+03,4.338713372182988337e+01,1.430921936035156250e+02,1.432577800187857520e+02,1.524609203990050901e+03,0.000000000000000000e+00,0.000000000000000000e+00,0.000000000000000000e+00,0.000000000000000000e+00,1.000000000000000000e+00,0.000000000000000000e+00
1.084247037221484334e+03,7.347836150896125407e-02,0.000000000000000000e+00,1.918979532326702895e+02,2.937971544522535169e+03,1.531007233287338032e+01,6.656362915039062500e+01,1.799836313496550702e+02,1.064103827639870588e+03,0.000000000000000000e+00,0.000000000000000000e+00,0.000000000000000000e+00,0.000000000000000000e+00,1.000000000000000000e+00,0.000000000000000000e+00
6.493693973478598309e+02,1.075122819228506998e-01,1.884955592153864101e-02,2.071116914336496109e+02,3.344432677501968101e+03,1.614796660850694821e+01,5.054747009277343750e+01,2.008487144649777179e+02,6.239088141111600407e+02,0.000000000000000000e+00,0.000000000000000000e+00,0.000000000000000000e+00,0.000000000000000000e+00,1.000000000000000000e+00,0.000000000000000000e+00
1.500000000000000000e+03,5.654866776461628386e-02,5.026548245743667209e-02,3.750966032872892129e+02,4.759454546387732989e+03,1.268861009317760313e+01,7.844597625732421875e+01,3.668019778992206739e+02,1.336158533769839778e+03,0.000000000000000000e+00,0.000000000000000000e+00,0.000000000000000000e+00,0.000000000000000000e+00,1.000000000000000000e+00,0.000000000000000000e+00
7.700000000000000000e+02,4.162833036717881324e-02,2.434550124335799204e-03,1.750196843411692953e+02,3.460913114676984037e+02,1.977442210403349998e+00,2.522233009338378906e+01,1.731927365629106816e+02,6.547984187660898669e+02,0.000000000000000000e+00,0.000000000000000000e+00,0.000000000000000000e+00,0.000000000000000000e+00,1.000000000000000000e+00,0.000000000000000000e+00
6.500000000000000000e+02,4.101523742186673899e-02,1.452113937659282039e-01,2.168113304442732101e+02,4.275340678903027083e+02,1.971917551606885866e+00,3.376516342163085938e+01,2.141659795453967945e+02,5.286992332510619690e+02,0.000000000000000000e+00,0.000000000000000000e+00,0.000000000000000000e+00,0.000000000000000000e+00,1.000000000000000000e+00,0.000000000000000000e+00
6.919720314284653568e+02,2.600540585471550897e-02,8.656833089891868838e-02,1.906766918986841404e+02,3.042707181312849798e+02,1.595741540832682936e+00,2.397571754455566406e+01,1.891633309024327332e+02,5.943156255552468110e+02,0.000000000000000000e+00,0.000000000000000000e+00,0.000000000000000000e+00,0.000000000000000000e+00,1.000000000000000000e+00,0.000000000000000000e+00
1.461750342433136666e+03,4.084070449666731689e-02,4.956735075663892820e-02,3.918460234008006182e+02,5.574002819966081915e+03,1.422498248569617374e+01,5.723147964477539062e+01,3.876439908582581211e+02,1.428839975513366880e+03,0.000000000000000000e+00,0.000000000000000000e+00,0.000000000000000000e+00,0.000000000000000000e+00,1.000000000000000000e+00,0.000000000000000000e+00
1.496736054446312210e+03,1.038470904936625860e-01,8.237954069413244707e-02,6.402759503982474598e+02,1.107199779766633037e+04,1.729254049098614487e+01,1.082869186401367188e+02,6.310524821080445008e+02,1.178274277508966179e+03,0.000000000000000000e+00,0.000000000000000000e+00,0.000000000000000000e+00,0.000000000000000000e+00,1.000000000000000000e+00,0.000000000000000000e+00
1.111814067820644595e+03,9.878563566287905384e-02,7.120943348136854478e-02,3.869870937242223476e+02,7.659742133588357319e+03,1.979327542909454252e+01,8.602512359619140625e+01,3.773045041863745155e+02,9.909789134419633001e+02,0.000000000000000000e+00,0.000000000000000000e+00,0.000000000000000000e+00,0.000000000000000000e+00,1.000000000000000000e+00,0.000000000000000000e+00
1.270666717334121358e+03,7.888888219014369985e-02,6.562437987498676017e-02,5.553523181509384585e+02,3.612968332510848086e+03,6.505722969772288700e+00,6.878166961669921875e+01,5.510764734022856146e+02,8.951874406108852327e+02,0.000000000000000000e+00,0.000000000000000000e+00,0.000000000000000000e+00,0.000000000000000000e+00,1.000000000000000000e+00,0.000000000000000000e+00
1.647939811158628117e+03,8.098327729253688989e-02,8.656833089891874389e-02,5.767703763685050262e+02,1.185248506342550354e+04,2.054974656994661331e+01,1.114359130859375000e+02,5.659029104183300660e+02,1.402877737475803997e+03,0.000000000000000000e+00,0.000000000000000000e+00,0.000000000000000000e+00,0.000000000000000000e+00,1.000000000000000000e+00,0.000000000000000000e+00
1.535850739587675434e+03,8.848819307611252571e-02,4.188790204786241311e-03,6.373496743713856176e+02,1.081405016830753448e+04,1.696721690330095811e+01,9.661039733886718750e+01,6.321651151578164445e+02,1.197762150036880939e+03,0.000000000000000000e+00,0.000000000000000000e+00,0.000000000000000000e+00,0.000000000000000000e+00,1.000000000000000000e+00,0.000000000000000000e+00
2.100000000000000000e+03,6.195918844579870188e-02,-4.537856055185260362e-02,3.904825067441152555e+02,1.664072361934431683e+04,4.261579797286296412e+01,1.259004135131835938e+02,3.806447034459922634e+02,2.073028685363559362e+03,0.000000000000000000e+00,0.000000000000000000e+00,0.000000000000000000e+00,0.000000000000000000e+00,0.000000000000000000e+00,1.000000000000000000e+00
1.800000000000000000e+03,3.420845333908885399e-02,4.258603374866165581e-02,3.010603508988694443e+02,4.406154331310855923e+03,1.463545205522911097e+01,6.762532806396484375e+01,2.933669201064860772e+02,1.742375701688624076e+03,0.000000000000000000e+00,0.000000000000000000e+00,0.000000000000000000e+00,0.000000000000000000e+00,0.000000000000000000e+00,1.000000000000000000e+00
2.100000000000000000e+03,1.216494488640047639e-01,3.776892501315730066e-01,4.505516668162912310e+02,3.567160628670335427e+04,7.917317571759902251e+01,4.360996398925781250e+02,1.131985701121284364e+02,2.461450496668589949e+03,0.000000000000000000e+00,0.000000000000000000e+00,0.000000000000000000e+00,0.000000000000000000e+00,0.000000000000000000e+00,1.000000000000000000e+00
1.666148785564083937e+03,1.239183768915973899e-02,5.845147374230902360e-02,7.293105029428075170e+01,1.402231664958374949e+03,1.922681298706509878e+01,5.185476684570312500e+01,5.859576295096053400e+01,1.746577503573514150e+03,0.000000000000000000e+00,0.000000000000000000e+00,0.000000000000000000e+00,0.000000000000000000e+00,0.000000000000000000e+00,1.000000000000000000e+00
1.700000000000000000e+03,4.398229715025710890e-02,1.051268013693325842e-01,1.206530096362714488e+02,1.233110309437414071e+04,1.022030294275153182e+02,1.202973175048828125e+02,-9.257696463932688857e+00,2.212178196465643396e+03,0.000000000000000000e+00,0.000000000000000000e+00,0.000000000000000000e+00,0.000000000000000000e+00,0.000000000000000000e+00,1.000000000000000000e+00
1.949118154675261167e+03,5.179831054518233002e-02,1.650068896258619078e-02,1.703314948528193327e+02,3.212077054674339252e+03,1.885779877320892695e+01,1.014558486938476562e+02,1.368193285924837710e+02,1.941367383186332972e+03,0.000000000000000000e+00,0.000000000000000000e+00,0.000000000000000000e+00,0.000000000000000000e+00,0.000000000000000000e+00,1.000000000000000000e+00
1.850000000000000000e+03,7.914916253139986368e-02,6.947018041554625656e-02,2.536214550606350429e+02,1.311320309483915844e+04,5.170383984944843547e+01,1.600654602050781250e+02,1.967304979640739475e+02,1.916985365089660945e+03,0.000000000000000000e+00,0.000000000000000000e+00,0.000000000000000000e+00,0.000000000000000000e+00,0.000000000000000000e+00,1.000000000000000000e+00
2.350000000000000000e+03,8.150687606813519781e-02,2.715732316103176558e-01,5.152894771024571128e+02,2.775864026109353290e+04,5.386999248885140190e+01,2.895690612792968750e+02,4.262311599175582160e+02,2.457676735625913807e+03,0.000000000000000000e+00,0.000000000000000000e+00,0.000000000000000000e+00,0.000000000000000000e+00,0.000000000000000000e+00,1.000000000000000000e+00
1.800000000000000000e+03,9.197885158010116191e-02,2.052507200345331517e-01,3.628633212991241521e+02,1.502155388832881363e+04,4.139727827697935680e+01,2.178339691162109375e+02,2.902036402900641860e+02,1.893663712393267360e+03,0.000000000000000000e+00,0.000000000000000000e+00,0.000000000000000000e+00,0.000000000000000000e+00,0.000000000000000000e+00,1.000000000000000000e+00
1.900000000000000000e+03,5.445427266222307994e-02,1.137954672300303116e-01,2.726180288704935037e+02,7.481593469854427894e+03,2.744350218087938487e+01,1.383592681884765625e+02,2.348984958066403124e+02,1.924517895349621313e+03,0.000000000000000000e+00,0.000000000000000000e+00,0.000000000000000000e+00,0.000000000000000000e+00,0.000000000000000000e+00,1.000000000000000000e+00
1.800000000000000000e+03,6.911503837897545188e-02,1.570796326794897668e-01,3.855647043489875614e+02,1.383172488877068827e+04,3.587393953013689440e+01,1.575700073242187500e+02,3.518974774277005508e+02,1.823032364165669151e+03,0.000000000000000000e+00,0.000000000000000000e+00,0.000000000000000000e+00,0.000000000000000000e+00,0.000000000000000000e+00,1.000000000000000000e+00
1.850000000000000000e+03,7.330382858376184585e-02,2.254965393576675026e-01,3.251915422641870919e+02,8.644984236638334551e+03,2.658428376226067513e+01,2.087399749755859375e+02,2.493534862595029153e+02,1.908177238664954075e+03,0.000000000000000000e+00,0.000000000000000000e+00,0.000000000000000000e+00,0.000000000000000000e+00,0.000000000000000000e+00,1.000000000000000000e+00
1.650000000000000000e+03,4.764748857944518107e-02,4.328416544945948297e-02,2.744261774961797755e+02,5.824895191578083541e+03,2.122572724192527360e+01,8.123957061767578125e+01,2.621256558773227425e+02,1.603070347620676557e+03,0.000000000000000000e+00,0.000000000000000000e+00,0.000000000000000000e+00,0.000000000000000000e+00,0.000000000000000000e+00,1.000000000000000000e+00
2.800000000000000000e+03,8.307767239493009381e-02,1.843067690106012235e-01,5.832592574833740855e+02,3.138865288222110030e+04,5.381595316233079984e+01,2.985829772949218750e+02,5.010384943821532033e+02,2.896582483303531262e+03,0.000000000000000000e+00,0.000000000000000000e+00,0.000000000000000000e+00,0.000000000000000000e+00,0.000000000000000000e+00,1.000000000000000000e+00
2.329840137904886433e+03,6.614797865058509585e-02,3.532546406036522479e-01,3.772533677977684192e+02,2.536903992463822942e+04,6.724668906928786782e+01,3.360751647949218750e+02,1.713872267703245598e+02,2.686435346270745413e+03,0.000000000000000000e+00,0.000000000000000000e+00,0.000000000000000000e+00,0.000000000000000000e+00,0.000000000000000000e+00,1.000000000000000000e+00
2.400000000000000000e+03,8.412486994612670965e-02,2.206096174520832398e-01,5.960419555113572869e+02,3.793925557084829779e+04,6.365198828713221957e+01,2.613481750488281250e+02,5.356894085687090410e+02,2.447772353476418630e+03,0.000000000000000000e+00,0.000000000000000000e+00,0.000000000000000000e+00,0.000000000000000000e+00,0.000000000000000000e+00,1.000000000000000000e+00
2.000000000000000000e+03,6.719517620178167006e-02,1.242674427419963035e-01,3.302716456313502817e+02,1.538109768656025153e+04,4.657105110297193562e+01,1.691979827880859375e+02,2.836395643770099468e+02,2.063073212067711211e+03,0.000000000000000000e+00,0.000000000000000000e+00,0.000000000000000000e+00,0.000000000000000000e+00,0.000000000000000000e+00,1.000000000000000000e+00
2.000000000000000000e+03,1.069886831472523780e-01,1.054178868204576069e-01,5.202226492051546529e+02,4.008792098376646754e+04,7.705916119764602001e+01,2.040903472900390625e+02,4.785172231615074452e+02,2.088648870169276961e+03,0.000000000000000000e+00,0.000000000000000000e+00,0.000000000000000000e+00,0.000000000000000000e+00,0.000000000000000000e+00,1.000000000000000000e+00
2.600000000000000000e+03,2.005383310541484776e-01,2.080432468377240163e-01,1.063441427472821488e+03,1.744804762179389945e+05,1.640715433031201940e+02,4.186872863769531250e+02,9.775523672433523643e+02,2.664583623056161287e+03,0.000000000000000000e+00,0.000000000000000000e+00,0.000000000000000000e+00,0.000000000000000000e+00,0.000000000000000000e+00,1.000000000000000000e+00
1.600000000000000000e+03,7.190756518216637194e-02,-6.632251157578450407e-02,4.369436030304063365e+02,1.265534213456401085e+04,2.896333084359937970e+01,1.037327041625976562e+02,4.321297489466228399e+02,1.475371533712489736e+03,0.000000000000000000e+00,0.000000000000000000e+00,0.000000000000000000e+00,0.000000000000000000e+00,0.000000000000000000e+00,1.000000000000000000e+00
2.300000000000000000e+03,4.502949470145371086e-02,1.368338133563553882e-01,1.854460437167999487e+02,5.086292497170343267e+03,2.742734433816107043e+01,1.786917419433593750e+02,4.959329022395968423e+01,2.480592151131998435e+03,0.000000000000000000e+00,0.000000000000000000e+00,0.000000000000000000e+00,0.000000000000000000e+00,0.000000000000000000e+00,1.000000000000000000e+00
2.600000000000000000e+03,6.998770300497261787e-02,4.886921905584123982e-02,7.454743691926641986e+02,3.984577369753319363e+04,5.345022625081728052e+01,1.541226043701171875e+02,7.293683950429231118e+02,2.545419744454619831e+03,0.000000000000000000e+00,0.000000000000000000e+00,0.000000000000000000e+00,0.000000000000000000e+00,0.000000000000000000e+00,1.000000000000000000e+00
